target	fmm_lille_rank	matmulcatalog_rank	matmulcatalog_fields	fmm17_rank	public_best_rank	public_best_source
15x15x15	2058	2003	Z	0	2003	matmulcatalog:Z
15x15x16	2132	2132	F3+Q+R+C	0	2132	fmm-lille
15x15x17	2320	2260	F3+Q+R+C	0	2260	matmulcatalog:F3+Q+R+C
15x15x18	2320	2320	F3+Q+R+C	0	2320	fmm-lille
15x15x19	2545	2545	F3+Q+R+C	0	2545	fmm-lille
15x15x20	2664	2653	F2+F3+Z+Q+R+C	0	2653	matmulcatalog:F2+F3+Z+Q+R+C
15x15x21	2823	2782	F3+Q+R+C	0	2782	matmulcatalog:F3+Q+R+C
15x15x22	2916	2897	F3+Q+R+C	0	2897	matmulcatalog:F3+Q+R+C
15x15x23	3040	2988	F3+Q+R+C	0	2988	matmulcatalog:F3+Q+R+C
15x15x24	3040	3040	F3+Q+R+C	0	3040	fmm-lille
15x15x25	3265	3265	F3+Q+R+C	0	3265	fmm-lille
15x15x26	3385	3356	F2+F3+Z+Q+R+C	0	3356	matmulcatalog:F2+F3+Z+Q+R+C
15x15x27	3543	3492	F3+Q+R+C	0	3492	matmulcatalog:F3+Q+R+C
15x15x28	3636	3621	F3+Q+R+C	0	3621	matmulcatalog:F3+Q+R+C
15x15x29	3696	3684	F3+Q+R+C	0	3684	matmulcatalog:F3+Q+R+C
15x15x30	3720	3720	F3+Q+R+C	0	3720	fmm-lille
15x15x31	3945	3945	F3+Q+R+C	0	3945	fmm-lille
15x15x32	4065	4065	F3+Q+R+C	0	4065	fmm-lille
15x16x16	2262	2262	F3+Q+R+C	0	2262	fmm-lille
15x16x17	2448	2446	F2+F3+Z+Q+R+C	0	2446	matmulcatalog:F2+F3+Z+Q+R+C
15x16x18	2538	2530	F3+Q+R+C	0	2530	matmulcatalog:F3+Q+R+C
15x16x19	2747	2718	F3+Q+R+C	0	2718	matmulcatalog:F3+Q+R+C
15x16x20	2834	2834	F2+F3+Z+Q+R+C	0	2834	fmm-lille
15x16x21	2961	2961	F3+Q+R+C	0	2961	fmm-lille
15x16x22	3168	3091	F3+Q+R+C	0	3091	matmulcatalog:F3+Q+R+C
15x16x23	3238	3238	F3+Q+R+C	0	3238	fmm-lille
15x16x24	3294	3294	F3+Q+R+C	0	3294	fmm-lille
15x16x25	3500	3474	F3+Q+R+C	0	3474	matmulcatalog:F3+Q+R+C
15x16x26	3662	3624	F3+Q+R+C	0	3624	matmulcatalog:F3+Q+R+C
15x16x27	3787	3756	F2+F3+Z+Q+R+C	0	3756	matmulcatalog:F2+F3+Z+Q+R+C
15x16x28	3843	3843	F3+Q+R+C	0	3843	fmm-lille
15x16x29	4044	4022	F3+Q+R+C	0	4022	matmulcatalog:F3+Q+R+C
15x16x30	4050	4050	F3+Q+R+C	0	4050	fmm-lille
15x16x31	4290	4284	F3+Q+R+C	0	4284	matmulcatalog:F3+Q+R+C
15x16x32	4418	4413	F2+F3+Z+Q+R+C	0	4413	matmulcatalog:F2+F3+Z+Q+R+C
15x17x17	2622	2622	F3+Q+R+C	0	2622	fmm-lille
15x17x18	2720	2712	F3+Q+R+C	0	2712	matmulcatalog:F3+Q+R+C
15x17x19	2934	2921	F3+Q+R+C	0	2921	matmulcatalog:F3+Q+R+C
15x17x20	3069	3027	F3+Q+R+C	0	3027	matmulcatalog:F3+Q+R+C
15x17x21	3160	3160	F3+Q+R+C	0	3160	fmm-lille
15x17x22	3338	3338	Q+R+C	0	3338	fmm-lille
15x17x23	3460	3453	Q+R+C	0	3453	matmulcatalog:Q+R+C
15x17x24	3545	3545	Q+R+C	0	3545	fmm-lille
15x17x25	3756	3756	Q+R+C	0	3756	fmm-lille
15x17x26	3900	3887	F3+Q+R+C	0	3887	matmulcatalog:F3+Q+R+C
15x17x27	4046	4046	Q+R+C	0	4046	fmm-lille
15x17x28	4189	4166	F2+F3+Z+Q+R+C	0	4166	matmulcatalog:F2+F3+Z+Q+R+C
15x17x29	4355	4331	Q+R+C	0	4331	matmulcatalog:Q+R+C
15x17x30	4400	4400	F3+Q+R+C	0	4400	fmm-lille
15x17x31	4616	4600	Q+R+C	0	4600	matmulcatalog:Q+R+C
15x17x32	4734	4722	F2+F3+Z+Q+R+C	0	4722	matmulcatalog:F2+F3+Z+Q+R+C
15x18x18	2720	2720	F3+Q+R+C	0	2720	fmm-lille
15x18x19	2990	2990	F3+Q+R+C	0	2990	fmm-lille
15x18x20	3123	3120	F3+Q+R+C	0	3120	matmulcatalog:F3+Q+R+C
15x18x21	3160	3160	F3+Q+R+C	0	3160	fmm-lille
15x18x22	3425	3425	F3+Q+R+C	0	3425	fmm-lille
15x18x23	3574	3574	F3+Q+R+C	0	3574	fmm-lille
15x18x24	3600	3600	F3+Q+R+C	0	3600	fmm-lille
15x18x25	3865	3865	F3+Q+R+C	0	3865	fmm-lille
15x18x26	4014	4014	F3+Q+R+C	0	4014	fmm-lille
15x18x27	4080	4080	F3+Q+R+C	0	4080	fmm-lille
15x18x28	4263	4262	F2+F3+Z+Q+R+C	0	4262	matmulcatalog:F2+F3+Z+Q+R+C
15x18x29	4400	4400	F3+Q+R+C	0	4400	fmm-lille
15x18x30	4400	4400	F3+Q+R+C	0	4400	fmm-lille
15x18x31	4670	4670	F3+Q+R+C	0	4670	fmm-lille
15x18x32	4814	4814	F3+Q+R+C	0	4814	fmm-lille
15x19x19	3260	3245	F3+Q+R+C	0	3245	matmulcatalog:F3+Q+R+C
15x19x20	3409	3357	F3+Q+R+C	0	3357	matmulcatalog:F3+Q+R+C
15x19x21	3475	3475	F3+Q+R+C	0	3475	fmm-lille
15x19x22	3710	3710	Q+R+C	0	3710	fmm-lille
15x19x23	3845	3833	Q+R+C	0	3833	matmulcatalog:Q+R+C
15x19x24	3960	3917	Q+R+C	0	3917	matmulcatalog:Q+R+C
15x19x25	4218	4171	Q+R+C	0	4171	matmulcatalog:Q+R+C
15x19x26	4392	4319	Q+R+C	0	4319	matmulcatalog:Q+R+C
15x19x27	4485	4485	F3+Q+R+C	0	4485	fmm-lille
15x19x28	4663	4656	Q+R+C	0	4656	matmulcatalog:Q+R+C
15x19x29	4835	4828	Q+R+C	0	4828	matmulcatalog:Q+R+C
15x19x30	4850	4850	F3+Q+R+C	0	4850	fmm-lille
15x19x31	5131	5121	F3+Q+R+C	0	5121	matmulcatalog:F3+Q+R+C
15x19x32	5253	5253	Q+R+C	0	5253	fmm-lille
15x20x20	3500	3494	Q+R+C	0	3494	matmulcatalog:Q+R+C
15x20x21	3643	3633	F2+F3+Z+Q+R+C	0	3633	matmulcatalog:F2+F3+Z+Q+R+C
15x20x22	3858	3776	F3+Q+R+C	0	3776	matmulcatalog:F3+Q+R+C
15x20x23	4032	4008	F2+F3+Z+Q+R+C	0	4008	matmulcatalog:F2+F3+Z+Q+R+C
15x20x24	4044	4044	F2+F3+Z+Q+R+C	0	4044	fmm-lille
15x20x25	4300	4300	F2+F3+Z+Q+R+C	0	4300	fmm-lille
15x20x26	4464	4422	F3+Q+R+C	0	4422	matmulcatalog:F3+Q+R+C
15x20x27	4621	4610	F2+F3+Z+Q+R+C	0	4610	matmulcatalog:F2+F3+Z+Q+R+C
15x20x28	4734	4734	F3+Q+R+C	0	4734	fmm-lille
15x20x29	4954	4954	F3+Q+R+C	0	4954	fmm-lille
15x20x30	5016	4992	F2+F3+Z+Q+R+C	0	4992	matmulcatalog:F2+F3+Z+Q+R+C
15x20x31	5316	5247	F3+Q+R+C	0	5247	matmulcatalog:F3+Q+R+C
15x20x32	5440	5410	F2+F3+Z+Q+R+C	0	5410	matmulcatalog:F2+F3+Z+Q+R+C
15x21x21	3861	3791	F3+Q+R+C	0	3791	matmulcatalog:F3+Q+R+C
15x21x22	3985	3985	F3+Q+R+C	0	3985	fmm-lille
15x21x23	4160	4160	F3+Q+R+C	0	4160	fmm-lille
15x21x24	4160	4160	F3+Q+R+C	0	4160	fmm-lille
15x21x25	4475	4475	F3+Q+R+C	0	4475	fmm-lille
15x21x26	4643	4643	F3+Q+R+C	0	4643	fmm-lille
15x21x27	4862	4761	F3+Q+R+C	0	4761	matmulcatalog:F3+Q+R+C
15x21x28	4974	4965	F3+Q+R+C	0	4965	matmulcatalog:F3+Q+R+C
15x21x29	5080	5080	F3+Q+R+C	0	5080	fmm-lille
15x21x30	5080	5080	F3+Q+R+C	0	5080	fmm-lille
15x21x31	5395	5395	F3+Q+R+C	0	5395	fmm-lille
15x21x32	5563	5563	F3+Q+R+C	0	5563	fmm-lille
15x22x22	4245	4245	Q+R+C	0	4245	fmm-lille
15x22x23	4401	4401	Q+R+C	0	4401	fmm-lille
15x22x24	4520	4460	F3+Q+R+C	0	4460	matmulcatalog:F3+Q+R+C
15x22x25	4787	4786	F2+F3+Z+Q+R+C	0	4786	matmulcatalog:F2+F3+Z+Q+R+C
15x22x26	4974	4966	F3+Q+R+C	0	4966	matmulcatalog:F3+Q+R+C
15x22x27	5148	5148	F3+Q+R+C	0	5148	fmm-lille
15x22x28	5332	5264	F3+Q+R+C	0	5264	matmulcatalog:F3+Q+R+C
15x22x29	5515	5515	F3+Q+R+C	0	5515	fmm-lille
15x22x30	5530	5530	F3+Q+R+C	0	5530	fmm-lille
15x22x31	5844	5844	Q+R+C	0	5844	fmm-lille
15x22x32	6004	5948	F3+Q+R+C	0	5948	matmulcatalog:F3+Q+R+C
15x23x23	4585	4585	Q+R+C	0	4585	fmm-lille
15x23x24	4712	4712	F3+Q+R+C	0	4712	fmm-lille
15x23x25	4968	4968	Q+R+C	0	4968	fmm-lille
15x23x26	5167	5167	Q+R+C	0	5167	fmm-lille
15x23x27	5280	5280	F3+Q+R+C	0	5280	fmm-lille
15x23x28	5539	5526	Q+R+C	0	5526	matmulcatalog:Q+R+C
15x23x29	5747	5740	Q+R+C	0	5740	matmulcatalog:Q+R+C
15x23x30	5760	5760	F3+Q+R+C	0	5760	fmm-lille
15x23x31	6105	6076	Q+R+C	0	6076	matmulcatalog:Q+R+C
15x23x32	6289	6205	Q+R+C	0	6205	matmulcatalog:Q+R+C
15x24x24	4720	4720	F3+Q+R+C	0	4720	fmm-lille
15x24x25	5060	5046	F2+F3+Z+Q+R+C	0	5046	matmulcatalog:F2+F3+Z+Q+R+C
15x24x26	5272	5272	F3+Q+R+C	0	5272	fmm-lille
15x24x27	5280	5280	F3+Q+R+C	0	5280	fmm-lille
15x24x28	5607	5601	F3+Q+R+C	0	5601	matmulcatalog:F3+Q+R+C
15x24x29	5760	5760	F3+Q+R+C	0	5760	fmm-lille
15x24x30	5760	5760	F3+Q+R+C	0	5760	fmm-lille
15x24x31	6120	6120	F3+Q+R+C	0	6120	fmm-lille
15x24x32	6312	6312	F3+Q+R+C	0	6312	fmm-lille
15x25x25	5370	5341	F2+F3+Z+Q+R+C	0	5341	matmulcatalog:F2+F3+Z+Q+R+C
15x25x26	5634	5567	F2+F3+Z+Q+R+C	0	5567	matmulcatalog:F2+F3+Z+Q+R+C
15x25x27	5685	5685	F3+Q+R+C	0	5685	fmm-lille
15x25x28	5860	5860	F2+F3+Z+Q+R+C	0	5860	fmm-lille
15x25x29	6188	6188	F2+F3+Z+Q+R+C	0	6188	fmm-lille
15x25x30	6210	6210	F3+Q+R+C	0	6210	fmm-lille
15x25x31	6585	6585	F3+Q+R+C	0	6585	fmm-lille
15x25x32	6660	6660	F2+F3+Z+Q+R+C	0	6660	fmm-lille
15x26x26	5847	5843	F3+Q+R+C	0	5843	matmulcatalog:F3+Q+R+C
15x26x27	5901	5901	F3+Q+R+C	0	5901	fmm-lille
15x26x28	6251	6176	F3+Q+R+C	0	6176	matmulcatalog:F3+Q+R+C
15x26x29	6427	6427	F3+Q+R+C	0	6427	fmm-lille
15x26x30	6440	6440	F3+Q+R+C	0	6440	fmm-lille
15x26x31	6830	6830	F3+Q+R+C	0	6830	fmm-lille
15x26x32	7038	7002	F3+Q+R+C	0	7002	matmulcatalog:F3+Q+R+C
15x27x27	6182	6129	F3+Q+R+C	0	6129	matmulcatalog:F3+Q+R+C
15x27x28	6348	6348	F3+Q+R+C	0	6348	fmm-lille
15x27x29	6440	6440	F3+Q+R+C	0	6440	fmm-lille
15x27x30	6440	6440	F3+Q+R+C	0	6440	fmm-lille
15x27x31	6845	6845	F3+Q+R+C	0	6845	fmm-lille
15x27x32	7061	7061	F3+Q+R+C	0	7061	fmm-lille
15x28x28	6543	6534	F3+Q+R+C	0	6534	matmulcatalog:F3+Q+R+C
15x28x29	6766	6766	F3+Q+R+C	0	6766	fmm-lille
15x28x30	6846	6846	F3+Q+R+C	0	6846	fmm-lille
15x28x31	7266	7134	F3+Q+R+C	0	7134	matmulcatalog:F3+Q+R+C
15x28x32	7426	7419	F3+Q+R+C	0	7419	matmulcatalog:F3+Q+R+C
15x29x29	7107	7107	F3+Q+R+C	0	7107	fmm-lille
15x29x30	7120	7120	F3+Q+R+C	0	7120	fmm-lille
15x29x31	7555	7555	F3+Q+R+C	0	7555	fmm-lille
15x29x32	7761	7720	F3+Q+R+C	0	7720	matmulcatalog:F3+Q+R+C
15x30x30	7120	7120	F3+Q+R+C	0	7120	fmm-lille
15x30x31	7570	7570	F3+Q+R+C	0	7570	fmm-lille
15x30x32	7761	7761	F3+Q+R+C	0	7761	fmm-lille
15x31x31	8018	8018	Q+R+C	0	8018	fmm-lille
15x31x32	8189	8189	Q+R+C	0	8189	fmm-lille
15x32x32	8364	8364	Q+R+C	0	8364	fmm-lille
16x16x16	2304	2209	F2	0	2209	matmulcatalog:F2
16x16x17	2560	2560	F3+Q+R+C	0	2560	fmm-lille
16x16x18	2696	2670	F3+Q+R+C	0	2670	matmulcatalog:F3+Q+R+C
16x16x19	2838	2838	F3+Q+R+C	0	2838	fmm-lille
16x16x20	2928	2928	F3+Q+R+C	0	2928	fmm-lille
16x16x21	3156	3136	F3+Q+R+C	0	3136	matmulcatalog:F3+Q+R+C
16x16x22	3276	3276	F3+Q+R+C	0	3276	fmm-lille
16x16x23	3441	3441	F2+F3+Z+Q+R+C	0	3441	fmm-lille
16x16x24	3504	3504	F3+Q+R+C	0	3504	fmm-lille
16x16x25	3684	3684	F3+Q+R+C	0	3684	fmm-lille
16x16x26	3864	3864	Q+R+C	0	3864	fmm-lille
16x16x27	3946	3944	Q+R+C	0	3944	matmulcatalog:Q+R+C
16x16x28	4080	4060	F3+Q+R+C	0	4060	matmulcatalog:F3+Q+R+C
16x16x29	4297	4260	Q+R+C	0	4260	matmulcatalog:Q+R+C
16x16x30	4325	4325	F2+F3+Z+Q+R+C	0	4325	fmm-lille
16x16x31	4548	4548	F3+Q+R+C	0	4548	fmm-lille
16x16x32	4608	4608	F3+Q+R+C	0	4608	fmm-lille
16x17x17	2738	2738	F3+Q+R+C	0	2738	fmm-lille
16x17x18	2884	2884	F3+Q+R+C	0	2884	fmm-lille
16x17x19	3066	3066	F3+Q+R+C	0	3066	fmm-lille
16x17x20	3209	3188	F3+Q+R+C	0	3188	matmulcatalog:F3+Q+R+C
16x17x21	3374	3368	F3+Q+R+C	0	3368	matmulcatalog:F3+Q+R+C
16x17x22	3509	3509	F2+F3+Z+Q+R+C	0	3509	fmm-lille
16x17x23	3645	3645	F3+Q+R+C	0	3645	fmm-lille
16x17x24	3752	3752	F3+Q+R+C	0	3752	fmm-lille
16x17x25	3972	3972	F3+Q+R+C	0	3972	fmm-lille
16x17x26	4122	4122	F3+Q+R+C	0	4122	fmm-lille
16x17x27	4287	4278	F3+Q+R+C	0	4278	matmulcatalog:F3+Q+R+C
16x17x28	4401	4401	F2+F3+Z+Q+R+C	0	4401	fmm-lille
16x17x29	4557	4557	F3+Q+R+C	0	4557	fmm-lille
16x17x30	4680	4680	F3+Q+R+C	0	4680	fmm-lille
16x17x31	4826	4826	F3+Q+R+C	0	4826	fmm-lille
16x17x32	4938	4938	F2+F3+Z+Q+R+C	0	4938	fmm-lille
16x18x18	2916	2916	F3+Q+R+C	0	2916	fmm-lille
16x18x19	3204	3204	F3+Q+R+C	0	3204	fmm-lille
16x18x20	3328	3328	Q+R+C	0	3328	fmm-lille
16x18x21	3402	3402	F3+Q+R+C	0	3402	fmm-lille
16x18x22	3647	3643	F3+Q+R+C	0	3643	matmulcatalog:F3+Q+R+C
16x18x23	3803	3803	F3+Q+R+C	0	3803	fmm-lille
16x18x24	3920	3920	F3+Q+R+C	0	3920	fmm-lille
16x18x25	4140	4140	F3+Q+R+C	0	4140	fmm-lille
16x18x26	4305	4296	F3+Q+R+C	0	4296	matmulcatalog:F3+Q+R+C
16x18x27	4420	4420	F2+F3+Z+Q+R+C	0	4420	fmm-lille
16x18x28	4578	4578	F2+F3+Z+Q+R+C	0	4578	fmm-lille
16x18x29	4758	4758	F2+F3+Z+Q+R+C	0	4758	fmm-lille
16x18x30	4845	4839	F3+Q+R+C	0	4839	matmulcatalog:F3+Q+R+C
16x18x31	5037	5037	F2+F3+Z+Q+R+C	0	5037	fmm-lille
16x18x32	5145	5145	F2+F3+Z+Q+R+C	0	5145	fmm-lille
16x19x19	3408	3408	F2+F3+Z+Q+R+C	0	3408	fmm-lille
16x19x20	3558	3548	F3+Q+R+C	0	3548	matmulcatalog:F3+Q+R+C
16x19x21	3738	3738	F3+Q+R+C	0	3738	fmm-lille
16x19x22	3906	3906	Q+R+C	0	3906	fmm-lille
16x19x23	4062	4062	Q+R+C	0	4062	fmm-lille
16x19x24	4176	4158	Q+R+C	0	4158	matmulcatalog:Q+R+C
16x19x25	4410	4410	Q+R+C	0	4410	fmm-lille
16x19x26	4589	4568	Q+R+C	0	4568	matmulcatalog:Q+R+C
16x19x27	4746	4746	F2+F3+Z+Q+R+C	0	4746	fmm-lille
16x19x28	4866	4866	F2+F3+Z+Q+R+C	0	4866	fmm-lille
16x19x29	5060	5060	Q+R+C	0	5060	fmm-lille
16x19x30	5209	5209	Q+R+C	0	5209	fmm-lille
16x19x31	5369	5369	Q+R+C	0	5369	fmm-lille
16x19x32	5493	5493	Q+R+C	0	5493	fmm-lille
16x20x20	3648	3635	F3+Q+R+C	0	3635	matmulcatalog:F3+Q+R+C
16x20x21	3917	3896	Q+R+C	0	3896	matmulcatalog:Q+R+C
16x20x22	4116	4061	F2+F3+Z+Q+R+C	0	4061	matmulcatalog:F2+F3+Z+Q+R+C
16x20x23	4260	4260	Q+R+C	0	4260	fmm-lille
16x20x24	4320	4320	F3+Q+R+C	0	4320	fmm-lille
16x20x25	4510	4510	F2+F3+Z+Q+R+C	0	4510	fmm-lille
16x20x26	4802	4776	Q+R+C	0	4776	matmulcatalog:Q+R+C
16x20x27	4884	4884	F3+Q+R+C	0	4884	fmm-lille
16x20x28	4944	4986	F3+Q+R+C	0	4944	fmm-lille
16x20x29	5264	5272	F3+Q+R+C	0	5264	fmm-lille
16x20x30	5345	5345	F2+F3+Z+Q+R+C	0	5345	fmm-lille
16x20x31	5622	5608	F3+Q+R+C	0	5608	matmulcatalog:F3+Q+R+C
16x20x32	5658	5658	F3+Q+R+C	0	5658	fmm-lille
16x21x21	3969	3969	F3+Q+R+C	0	3969	fmm-lille
16x21x22	4293	4222	F3+Q+R+C	0	4222	matmulcatalog:F3+Q+R+C
16x21x23	4469	4433	Q+R+C	0	4433	matmulcatalog:Q+R+C
16x21x24	4560	4560	F3+Q+R+C	0	4560	fmm-lille
16x21x25	4836	4792	Q+R+C	0	4792	matmulcatalog:Q+R+C
16x21x26	5041	4969	Q+R+C	0	4969	matmulcatalog:Q+R+C
16x21x27	5205	5138	F2+F3+Z+Q+R+C	0	5138	matmulcatalog:F2+F3+Z+Q+R+C
16x21x28	5334	5334	Q+R+C	0	5334	fmm-lille
16x21x29	5578	5546	Q+R+C	0	5546	matmulcatalog:Q+R+C
16x21x30	5592	5589	F3+Q+R+C	0	5589	matmulcatalog:F3+Q+R+C
16x21x31	5926	5897	Q+R+C	0	5897	matmulcatalog:Q+R+C
16x21x32	6045	6045	F3+Q+R+C	0	6045	fmm-lille
16x22x22	4487	4464	Q+R+C	0	4464	matmulcatalog:Q+R+C
16x22x23	4627	4627	Q+R+C	0	4627	fmm-lille
16x22x24	4732	4732	Q+R+C	0	4732	fmm-lille
16x22x25	5028	4997	Q+R+C	0	4997	matmulcatalog:Q+R+C
16x22x26	5250	5182	Q+R+C	0	5182	matmulcatalog:Q+R+C
16x22x27	5384	5384	F2+F3+Z+Q+R+C	0	5384	fmm-lille
16x22x28	5628	5500	F3+Q+R+C	0	5500	matmulcatalog:F3+Q+R+C
16x22x29	5804	5776	Q+R+C	0	5776	matmulcatalog:Q+R+C
16x22x30	5936	5925	F3+Q+R+C	0	5925	matmulcatalog:F3+Q+R+C
16x22x31	6160	6150	Q+R+C	0	6150	matmulcatalog:Q+R+C
16x22x32	6306	6306	Q+R+C	0	6306	fmm-lille
16x23x23	4785	4785	Q+R+C	0	4785	fmm-lille
16x23x24	4908	4908	Q+R+C	0	4908	fmm-lille
16x23x25	5165	5165	Q+R+C	0	5165	fmm-lille
16x23x26	5374	5374	Q+R+C	0	5374	fmm-lille
16x23x27	5606	5590	Q+R+C	0	5590	matmulcatalog:Q+R+C
16x23x28	5784	5784	Q+R+C	0	5784	fmm-lille
16x23x29	5994	5994	Q+R+C	0	5994	fmm-lille
16x23x30	6160	6129	F3+Q+R+C	0	6129	matmulcatalog:F3+Q+R+C
16x23x31	6384	6384	Q+R+C	0	6384	fmm-lille
16x23x32	6552	6552	Q+R+C	0	6552	fmm-lille
16x24x24	5040	5040	F3+Q+R+C	0	5040	fmm-lille
16x24x25	5284	5284	Q+R+C	0	5284	fmm-lille
16x24x26	5467	5467	Q+R+C	0	5467	fmm-lille
16x24x27	5616	5616	Q+R+C	0	5616	fmm-lille
16x24x28	5901	5892	F2+F3+Z+Q+R+C	0	5892	matmulcatalog:F2+F3+Z+Q+R+C
16x24x29	6145	6145	Q+R+C	0	6145	fmm-lille
16x24x30	6165	6165	F3+Q+R+C	0	6165	fmm-lille
16x24x31	6549	6549	F3+Q+R+C	0	6549	fmm-lille
16x24x32	6696	6696	F3+Q+R+C	0	6696	fmm-lille
16x25x25	5604	5604	Q+R+C	0	5604	fmm-lille
16x25x26	5863	5856	Q+R+C	0	5856	matmulcatalog:Q+R+C
16x25x27	6048	6048	Q+R+C	0	6048	fmm-lille
16x25x28	6307	6283	F2+F3+Z+Q+R+C	0	6283	matmulcatalog:F2+F3+Z+Q+R+C
16x25x29	6507	6507	Q+R+C	0	6507	fmm-lille
16x25x30	6645	6645	F3+Q+R+C	0	6645	fmm-lille
16x25x31	6914	6914	Q+R+C	0	6914	fmm-lille
16x25x32	7096	7096	Q+R+C	0	7096	fmm-lille
16x26x26	6094	6094	F3+Q+R+C	0	6094	fmm-lille
16x26x27	6278	6278	Q+R+C	0	6278	fmm-lille
16x26x28	6552	6488	Q+R+C	0	6488	matmulcatalog:Q+R+C
16x26x29	6796	6778	Q+R+C	0	6778	matmulcatalog:Q+R+C
16x26x30	6900	6900	F3+Q+R+C	0	6900	fmm-lille
16x26x31	7189	7143	Q+R+C	0	7143	matmulcatalog:Q+R+C
16x26x32	7378	7296	Q+R+C	0	7296	matmulcatalog:Q+R+C
16x27x27	6450	6450	F3+Q+R+C	0	6450	fmm-lille
16x27x28	6552	6552	Q+R+C	0	6552	fmm-lille
16x27x29	6984	6984	Q+R+C	0	6984	fmm-lille
16x27x30	7080	7080	F3+Q+R+C	0	7080	fmm-lille
16x27x31	7411	7411	Q+R+C	0	7411	fmm-lille
16x27x32	7570	7568	Q+R+C	0	7568	matmulcatalog:Q+R+C
16x28x28	6902	6860	Q+R+C	0	6860	matmulcatalog:Q+R+C
16x28x29	7200	7176	F3+Q+R+C	0	7176	matmulcatalog:F3+Q+R+C
16x28x30	7200	7200	F3+Q+R+C	0	7200	fmm-lille
16x28x31	7605	7605	Q+R+C	0	7605	fmm-lille
16x28x32	7728	7728	Q+R+C	0	7728	fmm-lille
16x29x29	7516	7504	Q+R+C	0	7504	matmulcatalog:Q+R+C
16x29x30	7680	7680	F3+Q+R+C	0	7680	fmm-lille
16x29x31	7901	7901	Q+R+C	0	7901	fmm-lille
16x29x32	8052	8052	Q+R+C	0	8052	fmm-lille
16x30x30	7830	7830	F3+Q+R+C	0	7830	fmm-lille
16x30x31	8130	8101	Q+R+C	0	8101	matmulcatalog:Q+R+C
16x30x32	8295	8232	Q+R+C	0	8232	matmulcatalog:Q+R+C
16x31x31	8320	8320	Q+R+C	0	8320	fmm-lille
16x31x32	8475	8475	Q+R+C	0	8475	fmm-lille
16x32x32	8610	8610	Q+R+C	0	8610	fmm-lille
17x17x17	2930	2865	Z	0	2865	matmulcatalog:Z
17x17x18	3080	3080	F3+Q+R+C	0	3080	fmm-lille
17x17x19	3266	3267	F3+Q+R+C	0	3266	fmm-lille
17x17x20	3420	3414	F3+Q+R+C	0	3414	matmulcatalog:F3+Q+R+C
17x17x21	3552	3552	F3+Q+R+C	0	3552	fmm-lille
17x17x22	3695	3695	F3+Q+R+C	0	3695	fmm-lille
17x17x23	3821	3821	F3+Q+R+C	0	3821	fmm-lille
17x17x24	3928	3928	F3+Q+R+C	0	3928	fmm-lille
17x17x25	4174	4174	F3+Q+R+C	0	4174	fmm-lille
17x17x26	4370	4327	Q+R+C	0	4327	matmulcatalog:Q+R+C
17x17x27	4490	4490	Q+R+C	0	4490	fmm-lille
17x17x28	4651	4651	Q+R+C	0	4651	fmm-lille
17x17x29	4804	4804	Q+R+C	0	4804	fmm-lille
17x17x30	4934	4934	Q+R+C	0	4934	fmm-lille
17x17x31	5106	5106	Q+R+C	0	5106	fmm-lille
17x17x32	5250	5250	Q+R+C	0	5250	fmm-lille
17x18x18	3175	3174	F3+Q+R+C	0	3174	matmulcatalog:F3+Q+R+C
17x18x19	3430	3430	F3+Q+R+C	0	3430	fmm-lille
17x18x20	3568	3566	F3+Q+R+C	0	3566	matmulcatalog:F3+Q+R+C
17x18x21	3706	3706	F3+Q+R+C	0	3706	fmm-lille
17x18x22	3858	3858	F3+Q+R+C	0	3858	fmm-lille
17x18x23	3978	3978	F3+Q+R+C	0	3978	fmm-lille
17x18x24	4080	4080	F3+Q+R+C	0	4080	fmm-lille
17x18x25	4352	4352	F3+Q+R+C	0	4352	fmm-lille
17x18x26	4548	4508	Q+R+C	0	4508	matmulcatalog:Q+R+C
17x18x27	4678	4678	Q+R+C	0	4678	fmm-lille
17x18x28	4842	4842	Q+R+C	0	4842	fmm-lille
17x18x29	5007	5007	Q+R+C	0	5007	fmm-lille
17x18x30	5137	5137	Q+R+C	0	5137	fmm-lille
17x18x31	5333	5333	Q+R+C	0	5333	fmm-lille
17x18x32	5493	5493	Q+R+C	0	5493	fmm-lille
17x19x19	3637	3637	F3+Q+R+C	0	3637	fmm-lille
17x19x20	3800	3780	F3+Q+R+C	0	3780	matmulcatalog:F3+Q+R+C
17x19x21	3938	3938	Q+R+C	0	3938	fmm-lille
17x19x22	4099	4086	Q+R+C	0	4086	matmulcatalog:Q+R+C
17x19x23	4245	4245	Q+R+C	0	4245	fmm-lille
17x19x24	4344	4344	Q+R+C	0	4344	fmm-lille
17x19x25	4632	4632	Q+R+C	0	4632	fmm-lille
17x19x26	4838	4800	Q+R+C	0	4800	matmulcatalog:Q+R+C
17x19x27	5023	4993	Q+R+C	0	4993	matmulcatalog:Q+R+C
17x19x28	5162	5162	Q+R+C	0	5162	fmm-lille
17x19x29	5347	5347	Q+R+C	0	5347	fmm-lille
17x19x30	5497	5497	Q+R+C	0	5497	fmm-lille
17x19x31	5687	5687	Q+R+C	0	5687	fmm-lille
17x19x32	5855	5855	Q+R+C	0	5855	fmm-lille
17x20x20	3972	3964	Q+R+C	0	3964	matmulcatalog:Q+R+C
17x20x21	4174	4126	Q+R+C	0	4126	matmulcatalog:Q+R+C
17x20x22	4335	4281	Q+R+C	0	4281	matmulcatalog:Q+R+C
17x20x23	4455	4455	Q+R+C	0	4455	fmm-lille
17x20x24	4544	4544	Q+R+C	0	4544	fmm-lille
17x20x25	4848	4848	Q+R+C	0	4848	fmm-lille
17x20x26	5064	5028	Q+R+C	0	5028	matmulcatalog:Q+R+C
17x20x27	5238	5238	Q+R+C	0	5238	fmm-lille
17x20x28	5410	5410	Q+R+C	0	5410	fmm-lille
17x20x29	5620	5620	Q+R+C	0	5620	fmm-lille
17x20x30	5736	5736	F3+Q+R+C	0	5736	fmm-lille
17x20x31	5976	5976	Q+R+C	0	5976	fmm-lille
17x20x32	6130	6126	F3+Q+R+C	0	6126	matmulcatalog:F3+Q+R+C
17x21x21	4310	4310	F3+Q+R+C	0	4310	fmm-lille
17x21x22	4494	4494	Q+R+C	0	4494	fmm-lille
17x21x23	4655	4655	Q+R+C	0	4655	fmm-lille
17x21x24	4788	4788	Q+R+C	0	4788	fmm-lille
17x21x25	5075	5072	Q+R+C	0	5072	matmulcatalog:Q+R+C
17x21x26	5277	5277	Q+R+C	0	5277	fmm-lille
17x21x27	5510	5479	Q+R+C	0	5479	matmulcatalog:Q+R+C
17x21x28	5710	5660	Q+R+C	0	5660	matmulcatalog:Q+R+C
17x21x29	5857	5857	Q+R+C	0	5857	fmm-lille
17x21x30	6000	6000	F3+Q+R+C	0	6000	fmm-lille
17x21x31	6287	6189	Q+R+C	0	6189	matmulcatalog:Q+R+C
17x21x32	6452	6357	Q+R+C	0	6357	matmulcatalog:Q+R+C
17x22x22	4676	4676	Q+R+C	0	4676	fmm-lille
17x22x23	4858	4858	Q+R+C	0	4858	fmm-lille
17x22x24	4980	4980	Q+R+C	0	4980	fmm-lille
17x22x25	5291	5279	Q+R+C	0	5279	matmulcatalog:Q+R+C
17x22x26	5505	5505	Q+R+C	0	5505	fmm-lille
17x22x27	5736	5730	Q+R+C	0	5730	matmulcatalog:Q+R+C
17x22x28	5940	5902	Q+R+C	0	5902	matmulcatalog:Q+R+C
17x22x29	6125	6125	Q+R+C	0	6125	fmm-lille
17x22x30	6309	6302	Q+R+C	0	6302	matmulcatalog:Q+R+C
17x22x31	6503	6473	Q+R+C	0	6473	matmulcatalog:Q+R+C
17x22x32	6644	6625	Q+R+C	0	6625	matmulcatalog:Q+R+C
17x23x23	5051	5051	Q+R+C	0	5051	fmm-lille
17x23x24	5192	5192	Q+R+C	0	5192	fmm-lille
17x23x25	5483	5483	Q+R+C	0	5483	fmm-lille
17x23x26	5738	5722	Q+R+C	0	5722	matmulcatalog:Q+R+C
17x23x27	5946	5940	Q+R+C	0	5940	matmulcatalog:Q+R+C
17x23x28	6134	6130	Q+R+C	0	6130	matmulcatalog:Q+R+C
17x23x29	6351	6351	Q+R+C	0	6351	fmm-lille
17x23x30	6544	6538	Q+R+C	0	6538	matmulcatalog:Q+R+C
17x23x31	6717	6717	Q+R+C	0	6717	fmm-lille
17x23x32	6869	6869	Q+R+C	0	6869	fmm-lille
17x24x24	5360	5360	F3+Q+R+C	0	5360	fmm-lille
17x24x25	5638	5638	Q+R+C	0	5638	fmm-lille
17x24x26	5855	5855	Q+R+C	0	5855	fmm-lille
17x24x27	6103	6103	Q+R+C	0	6103	fmm-lille
17x24x28	6289	6289	Q+R+C	0	6289	fmm-lille
17x24x29	6518	6505	Q+R+C	0	6505	matmulcatalog:Q+R+C
17x24x30	6696	6691	Q+R+C	0	6691	matmulcatalog:Q+R+C
17x24x31	6869	6869	Q+R+C	0	6869	fmm-lille
17x24x32	7020	7020	F3+Q+R+C	0	7020	fmm-lille
17x25x25	5979	5979	Q+R+C	0	5979	fmm-lille
17x25x26	6259	6193	Q+R+C	0	6193	matmulcatalog:Q+R+C
17x25x27	6454	6454	Q+R+C	0	6454	fmm-lille
17x25x28	6642	6642	Q+R+C	0	6642	fmm-lille
17x25x29	6901	6901	Q+R+C	0	6901	fmm-lille
17x25x30	7116	7102	Q+R+C	0	7102	matmulcatalog:Q+R+C
17x25x31	7305	7305	Q+R+C	0	7305	fmm-lille
17x25x32	7472	7472	Q+R+C	0	7472	fmm-lille
17x26x26	6531	6456	Q+R+C	0	6456	matmulcatalog:Q+R+C
17x26x27	6744	6717	Q+R+C	0	6717	matmulcatalog:Q+R+C
17x26x28	6928	6928	Q+R+C	0	6928	fmm-lille
17x26x29	7212	7177	Q+R+C	0	7177	matmulcatalog:Q+R+C
17x26x30	7444	7372	Q+R+C	0	7372	matmulcatalog:Q+R+C
17x26x31	7656	7570	Q+R+C	0	7570	matmulcatalog:Q+R+C
17x26x32	7830	7746	Q+R+C	0	7746	matmulcatalog:Q+R+C
17x27x27	6954	6954	F2+F3+Z+Q+R+C	0	6954	fmm-lille
17x27x28	7202	7190	F3+Q+R+C	0	7190	matmulcatalog:F3+Q+R+C
17x27x29	7456	7438	Q+R+C	0	7438	matmulcatalog:Q+R+C
17x27x30	7653	7628	Q+R+C	0	7628	matmulcatalog:Q+R+C
17x27x31	7906	7845	Q+R+C	0	7845	matmulcatalog:Q+R+C
17x27x32	8078	8040	Q+R+C	0	8040	matmulcatalog:Q+R+C
17x28x28	7416	7395	Q+R+C	0	7395	matmulcatalog:Q+R+C
17x28x29	7682	7682	Q+R+C	0	7682	fmm-lille
17x28x30	7824	7824	F3+Q+R+C	0	7824	fmm-lille
17x28x31	8129	8089	Q+R+C	0	8089	matmulcatalog:Q+R+C
17x28x32	8328	8250	Q+R+C	0	8250	matmulcatalog:Q+R+C
17x29x29	7930	7930	Q+R+C	0	7930	fmm-lille
17x29x30	8139	8139	Q+R+C	0	8139	fmm-lille
17x29x31	8389	8389	Q+R+C	0	8389	fmm-lille
17x29x32	8607	8607	Q+R+C	0	8607	fmm-lille
17x30x30	8334	8334	Q+R+C	0	8334	fmm-lille
17x30x31	8612	8612	Q+R+C	0	8612	fmm-lille
17x30x32	8835	8832	Q+R+C	0	8832	matmulcatalog:Q+R+C
17x31x31	8832	8832	Q+R+C	0	8832	fmm-lille
17x31x32	9045	9045	Q+R+C	0	9045	fmm-lille
17x32x32	9210	9210	Q+R+C	0	9210	fmm-lille
18x18x18	3200	3200	F3+Q+R+C	0	3200	fmm-lille
18x18x19	3524	3524	F3+Q+R+C	0	3524	fmm-lille
18x18x20	3648	3648	F3+Q+R+C	0	3648	fmm-lille
18x18x21	3760	3760	F3+Q+R+C	0	3760	fmm-lille
18x18x22	4002	4002	F3+Q+R+C	0	4002	fmm-lille
18x18x23	4128	4128	F3+Q+R+C	0	4128	fmm-lille
18x18x24	4200	4200	F3+Q+R+C	0	4200	fmm-lille
18x18x25	4516	4515	Q+R+C	0	4515	matmulcatalog:Q+R+C
18x18x26	4695	4680	Q+R+C	0	4680	matmulcatalog:Q+R+C
18x18x27	4800	4800	F3+Q+R+C	0	4800	fmm-lille
18x18x28	5040	5040	F3+Q+R+C	0	5040	fmm-lille
18x18x29	5200	5200	Q+R+C	0	5200	fmm-lille
18x18x30	5200	5200	F3+Q+R+C	0	5200	fmm-lille
18x18x31	5524	5524	F3+Q+R+C	0	5524	fmm-lille
18x18x32	5695	5695	F3+Q+R+C	0	5695	fmm-lille
18x19x19	3816	3798	Q+R+C	0	3798	matmulcatalog:Q+R+C
18x19x20	3930	3930	Q+R+C	0	3930	fmm-lille
18x19x21	4090	4090	Q+R+C	0	4090	fmm-lille
18x19x22	4264	4264	Q+R+C	0	4264	fmm-lille
18x19x23	4407	4407	Q+R+C	0	4407	fmm-lille
18x19x24	4472	4472	Q+R+C	0	4472	fmm-lille
18x19x25	4814	4814	Q+R+C	0	4814	fmm-lille
18x19x26	4995	4992	Q+R+C	0	4992	matmulcatalog:Q+R+C
18x19x27	5234	5184	Q+R+C	0	5184	matmulcatalog:Q+R+C
18x19x28	5372	5372	Q+R+C	0	5372	fmm-lille
18x19x29	5578	5578	Q+R+C	0	5578	fmm-lille
18x19x30	5724	5724	Q+R+C	0	5724	fmm-lille
18x19x31	5951	5951	Q+R+C	0	5951	fmm-lille
18x19x32	6130	6130	Q+R+C	0	6130	fmm-lille
18x20x20	4159	4118	Q+R+C	0	4118	matmulcatalog:Q+R+C
18x20x21	4259	4259	Q+R+C	0	4259	fmm-lille
18x20x22	4557	4460	F3+Q+R+C	0	4460	matmulcatalog:F3+Q+R+C
18x20x23	4625	4625	Q+R+C	0	4625	fmm-lille
18x20x24	4676	4676	Q+R+C	0	4676	fmm-lille
18x20x25	5036	5036	Q+R+C	0	5036	fmm-lille
18x20x26	5226	5226	Q+R+C	0	5226	fmm-lille
18x20x27	5478	5460	Q+R+C	0	5460	matmulcatalog:Q+R+C
18x20x28	5615	5614	Q+R+C	0	5614	matmulcatalog:Q+R+C
18x20x29	5860	5860	F3+Q+R+C	0	5860	fmm-lille
18x20x30	5919	5919	F3+Q+R+C	0	5919	fmm-lille
18x20x31	6247	6231	F2+F3+Z+Q+R+C	0	6231	matmulcatalog:F2+F3+Z+Q+R+C
18x20x32	6412	6345	F2+F3+Z+Q+R+C	0	6345	matmulcatalog:F2+F3+Z+Q+R+C
18x21x21	4440	4440	F3+Q+R+C	0	4440	fmm-lille
18x21x22	4670	4670	Q+R+C	0	4670	fmm-lille
18x21x23	4852	4852	Q+R+C	0	4852	fmm-lille
18x21x24	4920	4920	F3+Q+R+C	0	4920	fmm-lille
18x21x25	5298	5298	F3+Q+R+C	0	5298	fmm-lille
18x21x26	5498	5498	F3+Q+R+C	0	5498	fmm-lille
18x21x27	5640	5640	F3+Q+R+C	0	5640	fmm-lille
18x21x28	5909	5860	F3+Q+R+C	0	5860	matmulcatalog:F3+Q+R+C
18x21x29	6000	6000	F3+Q+R+C	0	6000	fmm-lille
18x21x30	6000	6000	F3+Q+R+C	0	6000	fmm-lille
18x21x31	6378	6378	F3+Q+R+C	0	6378	fmm-lille
18x21x32	6578	6578	F3+Q+R+C	0	6578	fmm-lille
18x22x22	4869	4869	Q+R+C	0	4869	fmm-lille
18x22x23	5063	5063	Q+R+C	0	5063	fmm-lille
18x22x24	5166	5166	Q+R+C	0	5166	fmm-lille
18x22x25	5540	5528	Q+R+C	0	5528	matmulcatalog:Q+R+C
18x22x26	5771	5742	Q+R+C	0	5742	matmulcatalog:Q+R+C
18x22x27	5982	5956	F3+Q+R+C	0	5956	matmulcatalog:F3+Q+R+C
18x22x28	6174	6153	F2+F3+Z+Q+R+C	0	6153	matmulcatalog:F2+F3+Z+Q+R+C
18x22x29	6405	6402	Q+R+C	0	6402	matmulcatalog:Q+R+C
18x22x30	6540	6540	F3+Q+R+C	0	6540	fmm-lille
18x22x31	6852	6745	Q+R+C	0	6745	matmulcatalog:Q+R+C
18x22x32	6972	6888	Q+R+C	0	6888	matmulcatalog:Q+R+C
18x23x23	5267	5267	Q+R+C	0	5267	fmm-lille
18x23x24	5414	5414	Q+R+C	0	5414	fmm-lille
18x23x25	5745	5745	Q+R+C	0	5745	fmm-lille
18x23x26	6017	5978	Q+R+C	0	5978	matmulcatalog:Q+R+C
18x23x27	6235	6220	Q+R+C	0	6220	matmulcatalog:Q+R+C
18x23x28	6406	6377	Q+R+C	0	6377	matmulcatalog:Q+R+C
18x23x29	6648	6648	Q+R+C	0	6648	fmm-lille
18x23x30	6800	6800	F3+Q+R+C	0	6800	fmm-lille
18x23x31	7009	7009	F2+F3+Z+Q+R+C	0	7009	fmm-lille
18x23x32	7128	7128	F2+F3+Z+Q+R+C	0	7128	fmm-lille
18x24x24	5600	5600	F3+Q+R+C	0	5600	fmm-lille
18x24x25	5912	5912	Q+R+C	0	5912	fmm-lille
18x24x26	6146	6144	Q+R+C	0	6144	matmulcatalog:Q+R+C
18x24x27	6360	6354	Q+R+C	0	6354	matmulcatalog:Q+R+C
18x24x28	6580	6540	F3+Q+R+C	0	6540	matmulcatalog:F3+Q+R+C
18x24x29	6800	6774	Q+R+C	0	6774	matmulcatalog:Q+R+C
18x24x30	6800	6800	F3+Q+R+C	0	6800	fmm-lille
18x24x31	7128	7128	F2+F3+Z+Q+R+C	0	7128	fmm-lille
18x24x32	7245	7245	F2+F3+Z+Q+R+C	0	7245	fmm-lille
18x25x25	6274	6274	Q+R+C	0	6274	fmm-lille
18x25x26	6558	6484	Q+R+C	0	6484	matmulcatalog:Q+R+C
18x25x27	6749	6749	Q+R+C	0	6749	fmm-lille
18x25x28	6916	6916	Q+R+C	0	6916	fmm-lille
18x25x29	7218	7218	Q+R+C	0	7218	fmm-lille
18x25x30	7340	7340	F3+Q+R+C	0	7340	fmm-lille
18x25x31	7638	7638	F2+F3+Z+Q+R+C	0	7638	fmm-lille
18x25x32	7773	7773	F2+F3+Z+Q+R+C	0	7773	fmm-lille
18x26x26	6856	6730	Q+R+C	0	6730	matmulcatalog:Q+R+C
18x26x27	7020	6970	F2+F3+Z+Q+R+C	0	6970	matmulcatalog:F2+F3+Z+Q+R+C
18x26x28	7168	7168	Q+R+C	0	7168	fmm-lille
18x26x29	7548	7484	Q+R+C	0	7484	matmulcatalog:Q+R+C
18x26x30	7625	7625	F3+Q+R+C	0	7625	fmm-lille
18x26x31	7981	7924	Q+R+C	0	7924	matmulcatalog:Q+R+C
18x26x32	8125	8112	F2+F3+Z+Q+R+C	0	8112	matmulcatalog:F2+F3+Z+Q+R+C
18x27x27	7279	7155	F3+Q+R+C	0	7155	matmulcatalog:F3+Q+R+C
18x27x28	7410	7355	F2+F3+Z+Q+R+C	0	7355	matmulcatalog:F2+F3+Z+Q+R+C
18x27x29	7720	7720	F3+Q+R+C	0	7720	fmm-lille
18x27x30	7720	7720	F3+Q+R+C	0	7720	fmm-lille
18x27x31	8184	8142	Q+R+C	0	8142	matmulcatalog:Q+R+C
18x27x32	8280	8240	F2+F3+Z+Q+R+C	0	8240	matmulcatalog:F2+F3+Z+Q+R+C
18x28x28	7707	7676	F2+F3+Z+Q+R+C	0	7676	matmulcatalog:F2+F3+Z+Q+R+C
18x28x29	7992	7992	F3+Q+R+C	0	7992	fmm-lille
18x28x30	8088	8083	F3+Q+R+C	0	8083	matmulcatalog:F3+Q+R+C
18x28x31	8541	8466	F2+F3+Z+Q+R+C	0	8466	matmulcatalog:F2+F3+Z+Q+R+C
18x28x32	8696	8625	F2+F3+Z+Q+R+C	0	8625	matmulcatalog:F2+F3+Z+Q+R+C
18x29x29	8260	8260	Q+R+C	0	8260	fmm-lille
18x29x30	8469	8469	Q+R+C	0	8469	fmm-lille
18x29x31	8795	8795	Q+R+C	0	8795	fmm-lille
18x29x32	9042	9021	F2+F3+Z+Q+R+C	0	9021	matmulcatalog:F2+F3+Z+Q+R+C
18x30x30	8640	8640	F3+Q+R+C	0	8640	fmm-lille
18x30x31	8988	8988	Q+R+C	0	8988	fmm-lille
18x30x32	9166	9165	F3+Q+R+C	0	9165	matmulcatalog:F3+Q+R+C
18x31x31	9252	9252	Q+R+C	0	9252	fmm-lille
18x31x32	9480	9480	F2+F3+Z+Q+R+C	0	9480	fmm-lille
18x32x32	9660	9660	F2+F3+Z+Q+R+C	0	9660	fmm-lille
19x19x19	4016	3943	Z	0	3943	matmulcatalog:Z
19x19x20	4194	4154	Q+R+C	0	4154	matmulcatalog:Q+R+C
19x19x21	4367	4367	Q+R+C	0	4367	fmm-lille
19x19x22	4536	4536	Q+R+C	0	4536	fmm-lille
19x19x23	4716	4716	Q+R+C	0	4716	fmm-lille
19x19x24	4804	4804	Q+R+C	0	4804	fmm-lille
19x19x25	5119	5119	Q+R+C	0	5119	fmm-lille
19x19x26	5320	5310	Q+R+C	0	5310	matmulcatalog:Q+R+C
19x19x27	5572	5536	Q+R+C	0	5536	matmulcatalog:Q+R+C
19x19x28	5723	5723	Q+R+C	0	5723	fmm-lille
19x19x29	5938	5937	Q+R+C	0	5937	matmulcatalog:Q+R+C
19x19x30	6113	6113	Q+R+C	0	6113	fmm-lille
19x19x31	6324	6325	Q+R+C	0	6324	fmm-lille
19x19x32	6500	6500	Q+R+C	0	6500	fmm-lille
19x20x20	4258	4258	Q+R+C	0	4258	fmm-lille
19x20x21	4637	4596	Q+R+C	0	4596	matmulcatalog:Q+R+C
19x20x22	4829	4767	Q+R+C	0	4767	matmulcatalog:Q+R+C
19x20x23	4957	4957	Q+R+C	0	4957	fmm-lille
19x20x24	5068	5068	Q+R+C	0	5068	fmm-lille
19x20x25	5374	5374	Q+R+C	0	5374	fmm-lille
19x20x26	5626	5577	Q+R+C	0	5577	matmulcatalog:Q+R+C
19x20x27	5828	5828	Q+R+C	0	5828	fmm-lille
19x20x28	5980	5980	Q+R+C	0	5980	fmm-lille
19x20x29	6222	6222	Q+R+C	0	6222	fmm-lille
19x20x30	6411	6411	Q+R+C	0	6411	fmm-lille
19x20x31	6619	6619	Q+R+C	0	6619	fmm-lille
19x20x32	6780	6780	Q+R+C	0	6780	fmm-lille
19x21x21	4770	4770	Q+R+C	0	4770	fmm-lille
19x21x22	4999	4999	Q+R+C	0	4999	fmm-lille
19x21x23	5206	5199	Q+R+C	0	5199	matmulcatalog:Q+R+C
19x21x24	5374	5340	Q+R+C	0	5340	matmulcatalog:Q+R+C
19x21x25	5675	5674	Q+R+C	0	5674	matmulcatalog:Q+R+C
19x21x26	5892	5888	Q+R+C	0	5888	matmulcatalog:Q+R+C
19x21x27	6154	6112	Q+R+C	0	6112	matmulcatalog:Q+R+C
19x21x28	6312	6312	Q+R+C	0	6312	fmm-lille
19x21x29	6571	6540	Q+R+C	0	6540	matmulcatalog:Q+R+C
19x21x30	6630	6630	F3+Q+R+C	0	6630	fmm-lille
19x21x31	6980	6908	Q+R+C	0	6908	matmulcatalog:Q+R+C
19x21x32	7148	7076	Q+R+C	0	7076	matmulcatalog:Q+R+C
19x22x22	5288	5221	Q+R+C	0	5221	matmulcatalog:Q+R+C
19x22x23	5440	5433	Q+R+C	0	5433	matmulcatalog:Q+R+C
19x22x24	5610	5604	Q+R+C	0	5604	matmulcatalog:Q+R+C
19x22x25	5912	5912	Q+R+C	0	5912	fmm-lille
19x22x26	6201	6138	Q+R+C	0	6138	matmulcatalog:Q+R+C
19x22x27	6409	6391	Q+R+C	0	6391	matmulcatalog:Q+R+C
19x22x28	6570	6566	Q+R+C	0	6566	matmulcatalog:Q+R+C
19x22x29	6816	6813	Q+R+C	0	6813	matmulcatalog:Q+R+C
19x22x30	7011	7001	Q+R+C	0	7001	matmulcatalog:Q+R+C
19x22x31	7225	7197	F2+F3+Z+Q+R+C	0	7197	matmulcatalog:F2+F3+Z+Q+R+C
19x22x32	7436	7354	Q+R+C	0	7354	matmulcatalog:Q+R+C
19x23x23	5656	5656	Q+R+C	0	5656	fmm-lille
19x23x24	5825	5825	Q+R+C	0	5825	fmm-lille
19x23x25	6154	6154	Q+R+C	0	6154	fmm-lille
19x23x26	6388	6388	Q+R+C	0	6388	fmm-lille
19x23x27	6639	6639	Q+R+C	0	6639	fmm-lille
19x23x28	6820	6820	Q+R+C	0	6820	fmm-lille
19x23x29	7075	7075	Q+R+C	0	7075	fmm-lille
19x23x30	7292	7271	Q+R+C	0	7271	matmulcatalog:Q+R+C
19x23x31	7479	7479	F2+F3+Z+Q+R+C	0	7479	fmm-lille
19x23x32	7642	7642	F2+F3+Z+Q+R+C	0	7642	fmm-lille
19x24x24	6000	6000	Q+R+C	0	6000	fmm-lille
19x24x25	6336	6336	Q+R+C	0	6336	fmm-lille
19x24x26	6594	6584	Q+R+C	0	6584	matmulcatalog:Q+R+C
19x24x27	6830	6830	Q+R+C	0	6830	fmm-lille
19x24x28	7012	7012	Q+R+C	0	7012	fmm-lille
19x24x29	7272	7272	Q+R+C	0	7272	fmm-lille
19x24x30	7476	7462	Q+R+C	0	7462	matmulcatalog:Q+R+C
19x24x31	7662	7662	F2+F3+Z+Q+R+C	0	7662	fmm-lille
19x24x32	7809	7809	F2+F3+Z+Q+R+C	0	7809	fmm-lille
19x25x25	6688	6688	Q+R+C	0	6688	fmm-lille
19x25x26	6973	6938	Q+R+C	0	6938	matmulcatalog:Q+R+C
19x25x27	7198	7198	Q+R+C	0	7198	fmm-lille
19x25x28	7388	7388	Q+R+C	0	7388	fmm-lille
19x25x29	7674	7674	Q+R+C	0	7674	fmm-lille
19x25x30	7923	7923	F2+F3+Z+Q+R+C	0	7923	fmm-lille
19x25x31	8152	8152	Q+R+C	0	8152	fmm-lille
19x25x32	8357	8357	Q+R+C	0	8357	fmm-lille
19x26x26	7271	7214	Q+R+C	0	7214	matmulcatalog:Q+R+C
19x26x27	7497	7489	Q+R+C	0	7489	matmulcatalog:Q+R+C
19x26x28	7680	7680	Q+R+C	0	7680	fmm-lille
19x26x29	8009	7990	Q+R+C	0	7990	matmulcatalog:Q+R+C
19x26x30	8277	8218	Q+R+C	0	8218	matmulcatalog:Q+R+C
19x26x31	8549	8474	Q+R+C	0	8474	matmulcatalog:Q+R+C
19x26x32	8701	8691	Q+R+C	0	8691	matmulcatalog:Q+R+C
19x27x27	7722	7722	F3+Q+R+C	0	7722	fmm-lille
19x27x28	7994	7983	Q+R+C	0	7983	matmulcatalog:Q+R+C
19x27x29	8250	8250	Q+R+C	0	8250	fmm-lille
19x27x30	8500	8441	Q+R+C	0	8441	matmulcatalog:Q+R+C
19x27x31	8751	8703	Q+R+C	0	8703	matmulcatalog:Q+R+C
19x27x32	8884	8884	Q+R+C	0	8884	fmm-lille
19x28x28	8231	8231	Q+R+C	0	8231	fmm-lille
19x28x29	8543	8543	Q+R+C	0	8543	fmm-lille
19x28x30	8781	8781	Q+R+C	0	8781	fmm-lille
19x28x31	9107	9075	Q+R+C	0	9075	matmulcatalog:Q+R+C
19x28x32	9354	9267	Q+R+C	0	9267	matmulcatalog:Q+R+C
19x29x29	8818	8818	Q+R+C	0	8818	fmm-lille
19x29x30	9045	9045	Q+R+C	0	9045	fmm-lille
19x29x31	9389	9389	Q+R+C	0	9389	fmm-lille
19x29x32	9654	9654	Q+R+C	0	9654	fmm-lille
19x30x30	9248	9248	Q+R+C	0	9248	fmm-lille
19x30x31	9610	9610	Q+R+C	0	9610	fmm-lille
19x30x32	9888	9888	F3+Q+R+C	0	9888	fmm-lille
19x31x31	9905	9905	Q+R+C	0	9905	fmm-lille
19x31x32	10164	10164	Q+R+C	0	10164	fmm-lille
19x32x32	10380	10380	Q+R+C	0	10380	fmm-lille
20x20x20	4340	4340	Q+R+C	0	4340	fmm-lille
20x20x21	4740	4740	Q+R+C	0	4740	fmm-lille
20x20x22	4950	4950	Q+R+C	0	4950	fmm-lille
20x20x23	5212	5212	F3+Q+R+C	0	5212	fmm-lille
20x20x24	5280	5232	F2+F3+Z+Q+R+C	0	5232	matmulcatalog:F2+F3+Z+Q+R+C
20x20x25	5632	5611	F2+F3+Z+Q+R+C	0	5611	matmulcatalog:F2+F3+Z+Q+R+C
20x20x26	5838	5793	F2+F3+Z+Q+R+C	0	5793	matmulcatalog:F2+F3+Z+Q+R+C
20x20x27	6006	5986	F3+Q+R+C	0	5986	matmulcatalog:F3+Q+R+C
20x20x28	6093	6093	F3+Q+R+C	0	6093	fmm-lille
20x20x29	6472	6436	F3+Q+R+C	0	6436	matmulcatalog:F3+Q+R+C
20x20x30	6652	6580	F2+F3+Z+Q+R+C	0	6580	matmulcatalog:F2+F3+Z+Q+R+C
20x20x31	6844	6844	F3+Q+R+C	0	6844	fmm-lille
20x20x32	6912	6912	F3+Q+R+C	0	6912	fmm-lille
20x21x21	4967	4967	Q+R+C	0	4967	fmm-lille
20x21x22	5261	5261	Q+R+C	0	5261	fmm-lille
20x21x23	5465	5465	Q+R+C	0	5465	fmm-lille
20x21x24	5592	5589	F3+Q+R+C	0	5589	matmulcatalog:F3+Q+R+C
20x21x25	5940	5914	Q+R+C	0	5914	matmulcatalog:Q+R+C
20x21x26	6201	6175	F3+Q+R+C	0	6175	matmulcatalog:F3+Q+R+C
20x21x27	6390	6376	F3+Q+R+C	0	6376	matmulcatalog:F3+Q+R+C
20x21x28	6528	6516	F3+Q+R+C	0	6516	matmulcatalog:F3+Q+R+C
20x21x29	6840	6798	F3+Q+R+C	0	6798	matmulcatalog:F3+Q+R+C
20x21x30	6840	6828	F3+Q+R+C	0	6828	matmulcatalog:F3+Q+R+C
20x21x31	7260	7248	F3+Q+R+C	0	7248	matmulcatalog:F3+Q+R+C
20x21x32	7440	7440	Q+R+C	0	7440	fmm-lille
20x22x22	5384	5384	Q+R+C	0	5384	fmm-lille
20x22x23	5722	5722	Q+R+C	0	5722	fmm-lille
20x22x24	5889	5879	Q+R+C	0	5879	matmulcatalog:Q+R+C
20x22x25	6181	6179	F3+Q+R+C	0	6179	matmulcatalog:F3+Q+R+C
20x22x26	6468	6448	F2+F3+Z+Q+R+C	0	6448	matmulcatalog:F2+F3+Z+Q+R+C
20x22x27	6696	6631	F3+Q+R+C	0	6631	matmulcatalog:F3+Q+R+C
20x22x28	6867	6867	F2+F3+Z+Q+R+C	0	6867	fmm-lille
20x22x29	7143	7143	F2+F3+Z+Q+R+C	0	7143	fmm-lille
20x22x30	7350	7308	F3+Q+R+C	0	7308	matmulcatalog:F3+Q+R+C
20x22x31	7598	7569	F2+F3+Z+Q+R+C	0	7569	matmulcatalog:F2+F3+Z+Q+R+C
20x22x32	7766	7728	F2+F3+Z+Q+R+C	0	7728	matmulcatalog:F2+F3+Z+Q+R+C
20x23x23	5906	5906	Q+R+C	0	5906	fmm-lille
20x23x24	6102	6102	Q+R+C	0	6102	fmm-lille
20x23x25	6466	6456	F3+Q+R+C	0	6456	matmulcatalog:F3+Q+R+C
20x23x26	6732	6715	Q+R+C	0	6715	matmulcatalog:Q+R+C
20x23x27	6962	6962	F2+F3+Z+Q+R+C	0	6962	fmm-lille
20x23x28	7100	7100	F3+Q+R+C	0	7100	fmm-lille
20x23x29	7421	7421	F2+F3+Z+Q+R+C	0	7421	fmm-lille
20x23x30	7638	7638	F2+F3+Z+Q+R+C	0	7638	fmm-lille
20x23x31	7862	7862	F2+F3+Z+Q+R+C	0	7862	fmm-lille
20x23x32	8040	8040	F2+F3+Z+Q+R+C	0	8040	fmm-lille
20x24x24	6237	6234	F3+Q+R+C	0	6234	matmulcatalog:F3+Q+R+C
20x24x25	6466	6474	F3+Q+R+C	0	6466	fmm-lille
20x24x26	6930	6906	F2+F3+Z+Q+R+C	0	6906	matmulcatalog:F2+F3+Z+Q+R+C
20x24x27	7056	7056	Q+R+C	0	7056	fmm-lille
20x24x28	7200	7191	F3+Q+R+C	0	7191	matmulcatalog:F3+Q+R+C
20x24x29	7632	7600	F3+Q+R+C	0	7600	matmulcatalog:F3+Q+R+C
20x24x30	7746	7730	F2+F3+Z+Q+R+C	0	7730	matmulcatalog:F2+F3+Z+Q+R+C
20x24x31	8070	8070	F2+F3+Z+Q+R+C	0	8070	fmm-lille
20x24x32	8157	8157	F3+Q+R+C	0	8157	fmm-lille
20x25x25	6924	6924	F2+F3+Z+Q+R+C	0	6924	fmm-lille
20x25x26	7171	7167	F3+Q+R+C	0	7167	matmulcatalog:F3+Q+R+C
20x25x27	7542	7509	F2+F3+Z+Q+R+C	0	7509	matmulcatalog:F2+F3+Z+Q+R+C
20x25x28	7718	7686	F2+F3+Z+Q+R+C	0	7686	matmulcatalog:F2+F3+Z+Q+R+C
20x25x29	8056	8024	F2+F3+Z+Q+R+C	0	8024	matmulcatalog:F2+F3+Z+Q+R+C
20x25x30	8072	8072	F2+F3+Z+Q+R+C	0	8072	fmm-lille
20x25x31	8570	8570	Q+R+C	0	8570	fmm-lille
20x25x32	8744	8710	F2+F3+Z+Q+R+C	0	8710	matmulcatalog:F2+F3+Z+Q+R+C
20x26x26	7574	7566	F2+F3+Z+Q+R+C	0	7566	matmulcatalog:F2+F3+Z+Q+R+C
20x26x27	7802	7762	F2+F3+Z+Q+R+C	0	7762	matmulcatalog:F2+F3+Z+Q+R+C
20x26x28	8054	7866	F3+Q+R+C	0	7866	matmulcatalog:F3+Q+R+C
20x26x29	8376	8376	F2+F3+Z+Q+R+C	0	8376	fmm-lille
20x26x30	8610	8590	F3+Q+R+C	0	8590	matmulcatalog:F3+Q+R+C
20x26x31	8895	8895	Q+R+C	0	8895	fmm-lille
20x26x32	9133	9078	Q+R+C	0	9078	matmulcatalog:Q+R+C
20x27x27	7980	7980	F3+Q+R+C	0	7980	fmm-lille
20x27x28	8196	8192	F3+Q+R+C	0	8192	matmulcatalog:F3+Q+R+C
20x27x29	8658	8606	Q+R+C	0	8606	matmulcatalog:Q+R+C
20x27x30	8658	8658	F3+Q+R+C	0	8658	fmm-lille
20x27x31	9198	9080	Q+R+C	0	9080	matmulcatalog:Q+R+C
20x27x32	9356	9200	F2+F3+Z+Q+R+C	0	9200	matmulcatalog:F2+F3+Z+Q+R+C
20x28x28	8438	8434	F3+Q+R+C	0	8434	matmulcatalog:F3+Q+R+C
20x28x29	8943	8939	F2+F3+Z+Q+R+C	0	8939	matmulcatalog:F2+F3+Z+Q+R+C
20x28x30	8965	8965	F2+F3+Z+Q+R+C	0	8965	fmm-lille
20x28x31	9525	9525	F2+F3+Z+Q+R+C	0	9525	fmm-lille
20x28x32	9780	9760	Q+R+C	0	9760	matmulcatalog:Q+R+C
20x29x29	9247	9247	Q+R+C	0	9247	fmm-lille
20x29x30	9482	9482	Q+R+C	0	9482	fmm-lille
20x29x31	9844	9844	Q+R+C	0	9844	fmm-lille
20x29x32	10122	10122	Q+R+C	0	10122	fmm-lille
20x30x30	9573	9573	F3+Q+R+C	0	9573	fmm-lille
20x30x31	10083	10083	Q+R+C	0	10083	fmm-lille
20x30x32	10200	10200	F2+F3+Z+Q+R+C	0	10200	fmm-lille
20x31x31	10414	10414	Q+R+C	0	10414	fmm-lille
20x31x32	10686	10686	Q+R+C	0	10686	fmm-lille
20x32x32	10920	10920	Q+R+C	0	10920	fmm-lille
21x21x21	5198	5198	Q+R+C	0	5198	fmm-lille
21x21x22	5430	5430	Q+R+C	0	5430	fmm-lille
21x21x23	5684	5684	Q+R+C	0	5684	fmm-lille
21x21x24	5760	5760	F3+Q+R+C	0	5760	fmm-lille
21x21x25	6201	6201	F3+Q+R+C	0	6201	fmm-lille
21x21x26	6432	6432	F3+Q+R+C	0	6432	fmm-lille
21x21x27	6672	6672	Q+R+C	0	6672	fmm-lille
21x21x28	6900	6900	F3+Q+R+C	0	6900	fmm-lille
21x21x29	7040	7040	F3+Q+R+C	0	7040	fmm-lille
21x21x30	7040	7040	F3+Q+R+C	0	7040	fmm-lille
21x21x31	7481	7481	F3+Q+R+C	0	7481	fmm-lille
21x21x32	7712	7712	F3+Q+R+C	0	7712	fmm-lille
21x22x22	5476	5476	Q+R+C	0	5476	fmm-lille
21x22x23	5938	5938	Q+R+C	0	5938	fmm-lille
21x22x24	6148	6086	Q+R+C	0	6086	matmulcatalog:Q+R+C
21x22x25	6498	6498	Q+R+C	0	6498	fmm-lille
21x22x26	6688	6686	Q+R+C	0	6686	matmulcatalog:Q+R+C
21x22x27	7002	6970	F2+F3+Z+Q+R+C	0	6970	matmulcatalog:F2+F3+Z+Q+R+C
21x22x28	7217	7191	Q+R+C	0	7191	matmulcatalog:Q+R+C
21x22x29	7453	7453	Q+R+C	0	7453	fmm-lille
21x22x30	7624	7622	F3+Q+R+C	0	7622	matmulcatalog:F3+Q+R+C
21x22x31	7889	7889	Q+R+C	0	7889	fmm-lille
21x22x32	8098	8083	F3+Q+R+C	0	8083	matmulcatalog:F3+Q+R+C
21x23x23	6174	6174	Q+R+C	0	6174	fmm-lille
21x23x24	6354	6354	Q+R+C	0	6354	fmm-lille
21x23x25	6747	6728	Q+R+C	0	6728	matmulcatalog:Q+R+C
21x23x26	7090	7013	Q+R+C	0	7013	matmulcatalog:Q+R+C
21x23x27	7252	7248	Q+R+C	0	7248	matmulcatalog:Q+R+C
21x23x28	7562	7474	Q+R+C	0	7474	matmulcatalog:Q+R+C
21x23x29	7775	7758	Q+R+C	0	7758	matmulcatalog:Q+R+C
21x23x30	8000	7976	F3+Q+R+C	0	7976	matmulcatalog:F3+Q+R+C
21x23x31	8287	8198	Q+R+C	0	8198	matmulcatalog:Q+R+C
21x23x32	8464	8382	Q+R+C	0	8382	matmulcatalog:Q+R+C
21x24x24	6440	6440	F3+Q+R+C	0	6440	fmm-lille
21x24x25	6924	6924	Q+R+C	0	6924	fmm-lille
21x24x26	7208	7208	F3+Q+R+C	0	7208	fmm-lille
21x24x27	7440	7359	F3+Q+R+C	0	7359	matmulcatalog:F3+Q+R+C
21x24x28	7725	7710	F3+Q+R+C	0	7710	matmulcatalog:F3+Q+R+C
21x24x29	7992	7950	Q+R+C	0	7950	matmulcatalog:Q+R+C
21x24x30	8082	8070	F3+Q+R+C	0	8070	matmulcatalog:F3+Q+R+C
21x24x31	8488	8386	F3+Q+R+C	0	8386	matmulcatalog:F3+Q+R+C
21x24x32	8640	8625	F2+F3+Z+Q+R+C	0	8625	matmulcatalog:F2+F3+Z+Q+R+C
21x25x25	7323	7293	F2+F3+Z+Q+R+C	0	7293	matmulcatalog:F2+F3+Z+Q+R+C
21x25x26	7676	7630	Q+R+C	0	7630	matmulcatalog:Q+R+C
21x25x27	7876	7876	F3+Q+R+C	0	7876	fmm-lille
21x25x28	8152	8118	F3+Q+R+C	0	8118	matmulcatalog:F3+Q+R+C
21x25x29	8452	8442	Q+R+C	0	8442	matmulcatalog:Q+R+C
21x25x30	8595	8574	F2+F3+Z+Q+R+C	0	8574	matmulcatalog:F2+F3+Z+Q+R+C
21x25x31	9040	8899	Q+R+C	0	8899	matmulcatalog:Q+R+C
21x25x32	9260	9144	Q+R+C	0	9144	matmulcatalog:Q+R+C
21x26x26	7914	7914	F3+Q+R+C	0	7914	fmm-lille
21x26x27	8108	8108	F3+Q+R+C	0	8108	fmm-lille
21x26x28	8460	8448	F3+Q+R+C	0	8448	matmulcatalog:F3+Q+R+C
21x26x29	8763	8763	Q+R+C	0	8763	fmm-lille
21x26x30	8958	8858	F3+Q+R+C	0	8858	matmulcatalog:F3+Q+R+C
21x26x31	9258	9258	Q+R+C	0	9258	fmm-lille
21x26x32	9537	9527	F3+Q+R+C	0	9527	matmulcatalog:F3+Q+R+C
21x27x27	8316	8316	F3+Q+R+C	0	8316	fmm-lille
21x27x28	8664	8595	F2+F3+Z+Q+R+C	0	8595	matmulcatalog:F2+F3+Z+Q+R+C
21x27x29	9049	9049	Q+R+C	0	9049	fmm-lille
21x27x30	9160	9160	F3+Q+R+C	0	9160	fmm-lille
21x27x31	9558	9552	Q+R+C	0	9552	matmulcatalog:Q+R+C
21x27x32	9885	9642	F3+Q+R+C	0	9642	matmulcatalog:F3+Q+R+C
21x28x28	9054	9047	F3+Q+R+C	0	9047	matmulcatalog:F3+Q+R+C
21x28x29	9376	9376	F3+Q+R+C	0	9376	fmm-lille
21x28x30	9473	9473	F3+Q+R+C	0	9473	fmm-lille
21x28x31	9999	9925	Q+R+C	0	9925	matmulcatalog:Q+R+C
21x28x32	10134	10143	F3+Q+R+C	0	10134	fmm-lille
21x29x29	9684	9684	F3+Q+R+C	0	9684	fmm-lille
21x29x30	9923	9923	Q+R+C	0	9923	fmm-lille
21x29x31	10291	10290	Q+R+C	0	10290	matmulcatalog:Q+R+C
21x29x32	10575	10575	Q+R+C	0	10575	fmm-lille
21x30x30	10108	10090	F3+Q+R+C	0	10090	matmulcatalog:F3+Q+R+C
21x30x31	10607	10526	Q+R+C	0	10526	matmulcatalog:Q+R+C
21x30x32	10866	10860	F2+F3+Z+Q+R+C	0	10860	matmulcatalog:F2+F3+Z+Q+R+C
21x31x31	10850	10850	Q+R+C	0	10850	fmm-lille
21x31x32	11160	11160	Q+R+C	0	11160	fmm-lille
21x32x32	11400	11400	Q+R+C	0	11400	fmm-lille
22x22x22	5566	5566	Q+R+C	0	5566	fmm-lille
22x22x23	6050	6050	Q+R+C	0	6050	fmm-lille
22x22x24	6303	6303	Q+R+C	0	6303	fmm-lille
22x22x25	6643	6643	Q+R+C	0	6643	fmm-lille
22x22x26	6838	6828	Q+R+C	0	6828	matmulcatalog:Q+R+C
22x22x27	7174	7158	Q+R+C	0	7158	matmulcatalog:Q+R+C
22x22x28	7396	7389	Q+R+C	0	7389	matmulcatalog:Q+R+C
22x22x29	7726	7726	Q+R+C	0	7726	fmm-lille
22x22x30	7946	7934	Q+R+C	0	7934	matmulcatalog:Q+R+C
22x22x31	8166	8166	Q+R+C	0	8166	fmm-lille
22x22x32	8472	8448	Q+R+C	0	8448	matmulcatalog:Q+R+C
22x23x23	6435	6476	Q+R+C	0	6435	fmm-lille
22x23x24	6638	6638	Q+R+C	0	6638	fmm-lille
22x23x25	7068	7040	Q+R+C	0	7040	matmulcatalog:Q+R+C
22x23x26	7366	7328	Q+R+C	0	7328	matmulcatalog:Q+R+C
22x23x27	7643	7570	Q+R+C	0	7570	matmulcatalog:Q+R+C
22x23x28	7891	7855	Q+R+C	0	7855	matmulcatalog:Q+R+C
22x23x29	8205	8074	Q+R+C	0	8074	matmulcatalog:Q+R+C
22x23x30	8296	8296	F3+Q+R+C	0	8296	fmm-lille
22x23x31	8635	8556	Q+R+C	0	8556	matmulcatalog:Q+R+C
22x23x32	8802	8780	Q+R+C	0	8780	matmulcatalog:Q+R+C
22x24x24	6776	6776	Q+R+C	0	6776	fmm-lille
22x24x25	7232	7232	Q+R+C	0	7232	fmm-lille
22x24x26	7574	7516	Q+R+C	0	7516	matmulcatalog:Q+R+C
22x24x27	7784	7691	F2+F3+Z+Q+R+C	0	7691	matmulcatalog:F2+F3+Z+Q+R+C
22x24x28	8071	8016	Q+R+C	0	8016	matmulcatalog:Q+R+C
22x24x29	8320	8296	Q+R+C	0	8296	matmulcatalog:Q+R+C
22x24x30	8486	8486	F3+Q+R+C	0	8486	fmm-lille
22x24x31	8794	8794	F3+Q+R+C	0	8794	fmm-lille
22x24x32	8946	8944	F3+Q+R+C	0	8944	matmulcatalog:F3+Q+R+C
22x25x25	7664	7664	Q+R+C	0	7664	fmm-lille
22x25x26	7943	7943	F3+Q+R+C	0	7943	fmm-lille
22x25x27	8184	8145	F3+Q+R+C	0	8145	matmulcatalog:F3+Q+R+C
22x25x28	8547	8540	Q+R+C	0	8540	matmulcatalog:Q+R+C
22x25x29	8895	8806	Q+R+C	0	8806	matmulcatalog:Q+R+C
22x25x30	9146	9026	Q+R+C	0	9026	matmulcatalog:Q+R+C
22x25x31	9424	9302	Q+R+C	0	9302	matmulcatalog:Q+R+C
22x25x32	9618	9577	Q+R+C	0	9577	matmulcatalog:Q+R+C
22x26x26	8209	8209	F3+Q+R+C	0	8209	fmm-lille
22x26x27	8408	8408	F3+Q+R+C	0	8408	fmm-lille
22x26x28	8804	8784	Q+R+C	0	8784	matmulcatalog:Q+R+C
22x26x29	9141	9141	F3+Q+R+C	0	9141	fmm-lille
22x26x30	9386	9378	Q+R+C	0	9378	matmulcatalog:Q+R+C
22x26x31	9682	9682	Q+R+C	0	9682	fmm-lille
22x26x32	9966	9914	Q+R+C	0	9914	matmulcatalog:Q+R+C
22x27x27	8604	8604	F3+Q+R+C	0	8604	fmm-lille
22x27x28	8997	8958	F2+F3+Z+Q+R+C	0	8958	matmulcatalog:F2+F3+Z+Q+R+C
22x27x29	9369	9327	Q+R+C	0	9327	matmulcatalog:Q+R+C
22x27x30	9652	9520	F2+F3+Z+Q+R+C	0	9520	matmulcatalog:F2+F3+Z+Q+R+C
22x27x31	9936	9936	Q+R+C	0	9936	fmm-lille
22x27x32	10236	10072	F2+F3+Z+Q+R+C	0	10072	matmulcatalog:F2+F3+Z+Q+R+C
22x28x28	9383	9411	Q+R+C	0	9383	fmm-lille
22x28x29	9856	9832	Q+R+C	0	9832	matmulcatalog:Q+R+C
22x28x30	10024	10024	F2+F3+Z+Q+R+C	0	10024	fmm-lille
22x28x31	10376	10376	Q+R+C	0	10376	fmm-lille
22x28x32	10640	10640	Q+R+C	0	10640	fmm-lille
22x29x29	10109	10109	Q+R+C	0	10109	fmm-lille
22x29x30	10351	10351	Q+R+C	0	10351	fmm-lille
22x29x31	10736	10736	Q+R+C	0	10736	fmm-lille
22x29x32	10980	10980	Q+R+C	0	10980	fmm-lille
22x30x30	10534	10555	Q+R+C	0	10534	fmm-lille
22x30x31	10999	10999	Q+R+C	0	10999	fmm-lille
22x30x32	11235	11207	F3+Q+R+C	0	11207	matmulcatalog:F3+Q+R+C
22x31x31	11354	11354	Q+R+C	0	11354	fmm-lille
22x31x32	11682	11682	Q+R+C	0	11682	fmm-lille
22x32x32	11940	11940	Q+R+C	0	11940	fmm-lille
23x23x23	6586	6586	Q+R+C	0	6586	fmm-lille
23x23x24	6852	6776	Q+R+C	0	6776	matmulcatalog:Q+R+C
23x23x25	7297	7297	Q+R+C	0	7297	fmm-lille
23x23x26	7639	7609	Q+R+C	0	7609	matmulcatalog:Q+R+C
23x23x27	7941	7867	Q+R+C	0	7867	matmulcatalog:Q+R+C
23x23x28	8173	8142	Q+R+C	0	8142	matmulcatalog:Q+R+C
23x23x29	8408	8408	Q+R+C	0	8408	fmm-lille
23x23x30	8646	8646	F3+Q+R+C	0	8646	fmm-lille
23x23x31	8895	8895	Q+R+C	0	8895	fmm-lille
23x23x32	9102	9102	Q+R+C	0	9102	fmm-lille
23x24x24	6902	6902	Q+R+C	0	6902	fmm-lille
23x24x25	7454	7454	Q+R+C	0	7454	fmm-lille
23x24x26	7742	7742	Q+R+C	0	7742	fmm-lille
23x24x27	8114	8050	Q+R+C	0	8050	matmulcatalog:Q+R+C
23x24x28	8313	8313	Q+R+C	0	8313	fmm-lille
23x24x29	8614	8614	Q+R+C	0	8614	fmm-lille
23x24x30	8822	8822	F3+Q+R+C	0	8822	fmm-lille
23x24x31	9110	9110	Q+R+C	0	9110	fmm-lille
23x24x32	9354	9354	Q+R+C	0	9354	fmm-lille
23x25x25	7961	7961	Q+R+C	0	7961	fmm-lille
23x25x26	8223	8223	F3+Q+R+C	0	8223	fmm-lille
23x25x27	8421	8421	F3+Q+R+C	0	8421	fmm-lille
23x25x28	8819	8816	Q+R+C	0	8816	matmulcatalog:Q+R+C
23x25x29	9150	9150	Q+R+C	0	9150	fmm-lille
23x25x30	9420	9420	Q+R+C	0	9420	fmm-lille
23x25x31	9667	9667	Q+R+C	0	9667	fmm-lille
23x25x32	9909	9909	Q+R+C	0	9909	fmm-lille
23x26x26	8332	8332	Q+R+C	0	8332	fmm-lille
23x26x27	8651	8651	F3+Q+R+C	0	8651	fmm-lille
23x26x28	9054	9054	Q+R+C	0	9054	fmm-lille
23x26x29	9400	9400	Q+R+C	0	9400	fmm-lille
23x26x30	9685	9685	Q+R+C	0	9685	fmm-lille
23x26x31	10070	10024	Q+R+C	0	10024	matmulcatalog:Q+R+C
23x26x32	10374	10307	Q+R+C	0	10307	matmulcatalog:Q+R+C
23x27x27	8856	8856	F3+Q+R+C	0	8856	fmm-lille
23x27x28	9271	9271	Q+R+C	0	9271	fmm-lille
23x27x29	9625	9625	Q+R+C	0	9625	fmm-lille
23x27x30	9918	9918	Q+R+C	0	9918	fmm-lille
23x27x31	10296	10289	Q+R+C	0	10289	matmulcatalog:Q+R+C
23x27x32	10634	10575	Q+R+C	0	10575	matmulcatalog:Q+R+C
23x28x28	9730	9730	Q+R+C	0	9730	fmm-lille
23x28x29	10114	10114	Q+R+C	0	10114	fmm-lille
23x28x30	10416	10416	Q+R+C	0	10416	fmm-lille
23x28x31	10773	10773	Q+R+C	0	10773	fmm-lille
23x28x32	11028	11028	Q+R+C	0	11028	fmm-lille
23x29x29	10483	10483	Q+R+C	0	10483	fmm-lille
23x29x30	10742	10742	F3+Q+R+C	0	10742	fmm-lille
23x29x31	11099	11099	Q+R+C	0	11099	fmm-lille
23x29x32	11414	11414	Q+R+C	0	11414	fmm-lille
23x30x30	11020	11020	F3+Q+R+C	0	11020	fmm-lille
23x30x31	11400	11400	Q+R+C	0	11400	fmm-lille
23x30x32	11715	11715	Q+R+C	0	11715	fmm-lille
23x31x31	11764	11764	Q+R+C	0	11764	fmm-lille
23x31x32	12104	12104	Q+R+C	0	12104	fmm-lille
23x32x32	12432	12432	Q+R+C	0	12432	fmm-lille
24x24x24	7000	7000	Q+R+C	0	7000	fmm-lille
24x24x25	7576	7576	Q+R+C	0	7576	fmm-lille
24x24x26	7876	7876	Q+R+C	0	7876	fmm-lille
24x24x27	8240	8232	F3+Q+R+C	0	8232	matmulcatalog:F3+Q+R+C
24x24x28	8454	8434	Q+R+C	0	8434	matmulcatalog:Q+R+C
24x24x29	8822	8822	Q+R+C	0	8822	fmm-lille
24x24x30	8960	8960	F3+Q+R+C	0	8960	fmm-lille
24x24x31	9360	9360	F3+Q+R+C	0	9360	fmm-lille
24x24x32	9660	9660	F2+F3+Z+Q+R+C	0	9660	fmm-lille
24x25x25	8160	8088	F2+F3+Z+Q+R+C	0	8088	matmulcatalog:F2+F3+Z+Q+R+C
24x25x26	8417	8291	Q+R+C	0	8291	matmulcatalog:Q+R+C
24x25x27	8632	8632	Q+R+C	0	8632	fmm-lille
24x25x28	9002	9002	Q+R+C	0	9002	fmm-lille
24x25x29	9323	9323	Q+R+C	0	9323	fmm-lille
24x25x30	9576	9516	F2+F3+Z+Q+R+C	0	9516	matmulcatalog:F2+F3+Z+Q+R+C
24x25x31	9909	9909	Q+R+C	0	9909	fmm-lille
24x25x32	10176	10176	Q+R+C	0	10176	fmm-lille
24x26x26	8444	8444	Q+R+C	0	8444	fmm-lille
24x26x27	8840	8840	F3+Q+R+C	0	8840	fmm-lille
24x26x28	9240	9240	Q+R+C	0	9240	fmm-lille
24x26x29	9576	9576	Q+R+C	0	9576	fmm-lille
24x26x30	9844	9844	Q+R+C	0	9844	fmm-lille
24x26x31	10228	10228	Q+R+C	0	10228	fmm-lille
24x26x32	10560	10560	Q+R+C	0	10560	fmm-lille
24x27x27	9000	9000	F3+Q+R+C	0	9000	fmm-lille
24x27x28	9408	9408	Q+R+C	0	9408	fmm-lille
24x27x29	9748	9748	Q+R+C	0	9748	fmm-lille
24x27x30	10000	10000	F3+Q+R+C	0	10000	fmm-lille
24x27x31	10440	10440	Q+R+C	0	10440	fmm-lille
24x27x32	10764	10764	F2+F3+Z+Q+R+C	0	10764	fmm-lille
24x28x28	9876	9876	Q+R+C	0	9876	fmm-lille
24x28x29	10276	10276	Q+R+C	0	10276	fmm-lille
24x28x30	10608	10608	Q+R+C	0	10608	fmm-lille
24x28x31	11054	11054	Q+R+C	0	11054	fmm-lille
24x28x32	11319	11319	Q+R+C	0	11319	fmm-lille
24x29x29	10736	10736	Q+R+C	0	10736	fmm-lille
24x29x30	11014	11014	Q+R+C	0	11014	fmm-lille
24x29x31	11422	11422	Q+R+C	0	11422	fmm-lille
24x29x32	11751	11751	Q+R+C	0	11751	fmm-lille
24x30x30	11160	11160	F2+F3+Z+Q+R+C	0	11160	fmm-lille
24x30x31	11700	11700	F3+Q+R+C	0	11700	fmm-lille
24x30x32	12075	12075	F2+F3+Z+Q+R+C	0	12075	fmm-lille
24x31x31	12095	12095	Q+R+C	0	12095	fmm-lille
24x31x32	12435	12435	Q+R+C	0	12435	fmm-lille
24x32x32	12705	12676	F2+F3+Z+Q+R+C	0	12676	matmulcatalog:F2+F3+Z+Q+R+C
25x25x25	8196	8196	Q+R+C	0	8196	fmm-lille
25x25x26	8498	8415	Q+R+C	0	8415	matmulcatalog:Q+R+C
25x25x27	9123	9040	Q+R+C	0	9040	matmulcatalog:Q+R+C
25x25x28	9448	9365	Q+R+C	0	9365	matmulcatalog:Q+R+C
25x25x29	9796	9790	Q+R+C	0	9790	matmulcatalog:Q+R+C
25x25x30	10098	10009	Q+R+C	0	10009	matmulcatalog:Q+R+C
25x25x31	10505	10450	Q+R+C	0	10450	matmulcatalog:Q+R+C
25x25x32	10807	10723	Q+R+C	0	10723	matmulcatalog:Q+R+C
25x26x26	8552	8552	Q+R+C	0	8552	fmm-lille
25x26x27	9202	9202	Q+R+C	0	9202	fmm-lille
25x26x28	9540	9540	Q+R+C	0	9540	fmm-lille
25x26x29	9986	9986	Q+R+C	0	9986	fmm-lille
25x26x30	10215	10211	Q+R+C	0	10211	matmulcatalog:Q+R+C
25x26x31	10684	10674	Q+R+C	0	10674	matmulcatalog:Q+R+C
25x26x32	10954	10954	Q+R+C	0	10954	fmm-lille
25x27x27	9729	9729	F3+Q+R+C	0	9729	fmm-lille
25x27x28	10164	10006	Q+R+C	0	10006	matmulcatalog:Q+R+C
25x27x29	10531	10531	Q+R+C	0	10531	fmm-lille
25x27x30	10810	10810	F3+Q+R+C	0	10810	fmm-lille
25x27x31	11277	11253	Q+R+C	0	11253	matmulcatalog:Q+R+C
25x27x32	11628	11547	Q+R+C	0	11547	matmulcatalog:Q+R+C
25x28x28	10206	10206	Q+R+C	0	10206	fmm-lille
25x28x29	10906	10906	Q+R+C	0	10906	fmm-lille
25x28x30	11270	11270	F2+F3+Z+Q+R+C	0	11270	fmm-lille
25x28x31	11726	11726	Q+R+C	0	11726	fmm-lille
25x28x32	11962	11959	Q+R+C	0	11959	matmulcatalog:Q+R+C
25x29x29	11420	11420	Q+R+C	0	11420	fmm-lille
25x29x30	11694	11694	Q+R+C	0	11694	fmm-lille
25x29x31	12064	12064	Q+R+C	0	12064	fmm-lille
25x29x32	12410	12410	Q+R+C	0	12410	fmm-lille
25x30x30	11988	11962	F2+F3+Z+Q+R+C	0	11962	matmulcatalog:F2+F3+Z+Q+R+C
25x30x31	12377	12377	F3+Q+R+C	0	12377	fmm-lille
25x30x32	12686	12686	F2+F3+Z+Q+R+C	0	12686	fmm-lille
25x31x31	12817	12817	Q+R+C	0	12817	fmm-lille
25x31x32	13169	13169	Q+R+C	0	13169	fmm-lille
25x32x32	13533	13356	F3+Q+R+C	0	13356	matmulcatalog:F3+Q+R+C
26x26x26	8652	8652	Q+R+C	0	8652	fmm-lille
26x26x27	9328	9328	Q+R+C	0	9328	fmm-lille
26x26x28	9679	9679	Q+R+C	0	9679	fmm-lille
26x26x29	10152	10150	Q+R+C	0	10150	matmulcatalog:Q+R+C
26x26x30	10417	10402	Q+R+C	0	10402	matmulcatalog:Q+R+C
26x26x31	10884	10876	Q+R+C	0	10876	matmulcatalog:Q+R+C
26x26x32	11159	11159	Q+R+C	0	11159	fmm-lille
26x27x27	10030	9913	Q+R+C	0	9913	matmulcatalog:Q+R+C
26x27x28	10297	10160	Q+R+C	0	10160	matmulcatalog:Q+R+C
26x27x29	10875	10862	Q+R+C	0	10862	matmulcatalog:Q+R+C
26x27x30	11156	11145	Q+R+C	0	11145	matmulcatalog:Q+R+C
26x27x31	11650	11636	Q+R+C	0	11636	matmulcatalog:Q+R+C
26x27x32	11901	11896	Q+R+C	0	11896	matmulcatalog:Q+R+C
26x28x28	10326	10326	Q+R+C	0	10326	fmm-lille
26x28x29	11054	11054	Q+R+C	0	11054	fmm-lille
26x28x30	11432	11432	Q+R+C	0	11432	fmm-lille
26x28x31	11930	11930	Q+R+C	0	11930	fmm-lille
26x28x32	12194	12191	Q+R+C	0	12191	matmulcatalog:Q+R+C
26x29x29	11687	11620	Q+R+C	0	11620	matmulcatalog:Q+R+C
26x29x30	12093	12080	Q+R+C	0	12080	matmulcatalog:Q+R+C
26x29x31	12610	12554	Q+R+C	0	12554	matmulcatalog:Q+R+C
26x29x32	12928	12926	Q+R+C	0	12926	matmulcatalog:Q+R+C
26x30x30	12202	12202	Q+R+C	0	12202	fmm-lille
26x30x31	12931	12862	Q+R+C	0	12862	matmulcatalog:Q+R+C
26x30x32	13195	13123	F3+Q+R+C	0	13123	matmulcatalog:F3+Q+R+C
26x31x31	13280	13280	Q+R+C	0	13280	fmm-lille
26x31x32	13643	13643	Q+R+C	0	13643	fmm-lille
26x32x32	13957	13896	Q+R+C	0	13896	matmulcatalog:Q+R+C
27x27x27	10045	10045	Q+R+C	0	10045	fmm-lille
27x27x28	10384	10294	Q+R+C	0	10294	matmulcatalog:Q+R+C
27x27x29	11113	11023	Q+R+C	0	11023	matmulcatalog:Q+R+C
27x27x30	11400	11400	Q+R+C	0	11400	fmm-lille
27x27x31	11935	11893	Q+R+C	0	11893	matmulcatalog:Q+R+C
27x27x32	12274	12150	Q+R+C	0	12150	matmulcatalog:Q+R+C
27x28x28	10413	10442	Q+R+C	0	10413	fmm-lille
27x28x29	11169	11198	Q+R+C	0	11169	fmm-lille
27x28x30	11561	11590	Q+R+C	0	11561	fmm-lille
27x28x31	12072	12101	Q+R+C	0	12072	fmm-lille
27x28x32	12339	12368	Q+R+C	0	12339	fmm-lille
27x29x29	11952	11820	Q+R+C	0	11820	matmulcatalog:Q+R+C
27x29x30	12305	12274	Q+R+C	0	12274	matmulcatalog:Q+R+C
27x29x31	12890	12919	Q+R+C	0	12890	fmm-lille
27x29x32	13187	13201	Q+R+C	0	13187	fmm-lille
27x30x30	12336	12336	Q+R+C	0	12336	fmm-lille
27x30x31	13146	13146	Q+R+C	0	13146	fmm-lille
27x30x32	13566	13464	F2+F3+Z+Q+R+C	0	13464	matmulcatalog:F2+F3+Z+Q+R+C
27x31x31	13798	13749	Q+R+C	0	13749	matmulcatalog:Q+R+C
27x31x32	14143	14053	F3+Q+R+C	0	14053	matmulcatalog:F3+Q+R+C
27x32x32	14340	14160	F2+F3+Z+Q+R+C	0	14160	matmulcatalog:F2+F3+Z+Q+R+C
28x28x28	10535	10535	Q+R+C	0	10535	fmm-lille
28x28x29	11319	11319	Q+R+C	0	11319	fmm-lille
28x28x30	11725	11725	Q+R+C	0	11725	fmm-lille
28x28x31	12241	12241	Q+R+C	0	12241	fmm-lille
28x28x32	12509	12503	Q+R+C	0	12503	matmulcatalog:Q+R+C
28x29x29	12131	12005	Q+R+C	0	12005	matmulcatalog:Q+R+C
28x29x30	12433	12285	Q+R+C	0	12285	matmulcatalog:Q+R+C
28x29x31	13091	13091	Q+R+C	0	13091	fmm-lille
28x29x32	13387	13387	Q+R+C	0	13387	fmm-lille
28x30x30	12464	12464	Q+R+C	0	12464	fmm-lille
28x30x31	13304	13304	Q+R+C	0	13304	fmm-lille
28x30x32	13739	13739	Q+R+C	0	13739	fmm-lille
28x31x31	14028	14028	Q+R+C	0	14028	fmm-lille
28x31x32	14462	14439	Q+R+C	0	14439	matmulcatalog:Q+R+C
28x32x32	14596	14596	Q+R+C	0	14596	fmm-lille
29x29x29	12147	12147	Q+R+C	0	12147	fmm-lille
29x29x30	12526	12429	Q+R+C	0	12429	matmulcatalog:Q+R+C
29x29x31	13367	13270	Q+R+C	0	13270	matmulcatalog:Q+R+C
29x29x32	13802	13705	Q+R+C	0	13705	matmulcatalog:Q+R+C
29x30x30	12588	12588	Q+R+C	0	12588	fmm-lille
29x30x31	13458	13458	Q+R+C	0	13458	fmm-lille
29x30x32	13908	13908	Q+R+C	0	13908	fmm-lille
29x31x31	14357	14357	Q+R+C	0	14357	fmm-lille
29x31x32	14705	14506	Q+R+C	0	14506	matmulcatalog:Q+R+C
29x32x32	14738	14738	Q+R+C	0	14738	fmm-lille
30x30x30	12672	12672	Q+R+C	0	12672	fmm-lille
30x30x31	13572	13572	Q+R+C	0	13572	fmm-lille
30x30x32	14037	14037	Q+R+C	0	14037	fmm-lille
30x31x31	14502	14369	Q+R+C	0	14369	matmulcatalog:Q+R+C
30x31x32	14841	14682	Q+R+C	0	14682	matmulcatalog:Q+R+C
30x32x32	14874	14863	Q+R+C	0	14863	matmulcatalog:Q+R+C
31x31x31	14519	14519	Q+R+C	0	14519	fmm-lille
31x31x32	14940	14836	Q+R+C	0	14836	matmulcatalog:Q+R+C
31x32x32	15006	15006	Q+R+C	0	15006	fmm-lille
32x32x32	15079	15079	Q+R+C	0	15079	fmm-lille
